{
  "dev": {
    "awscloudformation": {
      "AuthRoleName": "amplify-smartdoorman-dev-101327-authRole",
      "UnauthRoleArn": "arn:aws:iam::081642066662:role/amplify-smartdoorman-dev-101327-unauthRole",
      "AuthRoleArn": "arn:aws:iam::081642066662:role/amplify-smartdoorman-dev-101327-authRole",
      "Region": "us-east-1",
      "DeploymentBucketName": "amplify-smartdoorman-dev-101327-deployment",
      "UnauthRoleName": "amplify-smartdoorman-dev-101327-unauthRole",
      "StackName": "amplify-smartdoorman-dev-101327",
      "StackId": "arn:aws:cloudformation:us-east-1:081642066662:stack/amplify-smartdoorman-dev-101327/699d4060-3829-11eb-862f-0aece6d977c1",
      "AmplifyAppId": "d3cug298epqsao"
    },
    "categories": {
      "auth": {
        "smartdoorman66451b5f": {}
      }
    }
  }
}